date,up1,up2,up3,up4,up5,y
2020-04-09,#N/A,#N/A,#N/A,#N/A,#N/A,38.28333333
2020-04-10,#N/A,#N/A,#N/A,#N/A,#N/A,23.32592593
2020-04-11,#N/A,#N/A,#N/A,#N/A,#N/A,10.10344828
2020-04-12,#N/A,#N/A,#N/A,#N/A,#N/A,#N/A
2020-04-13,#N/A,#N/A,#N/A,#N/A,#N/A,20.16398714
2020-04-14,29.30555556,5,2.355555556,9.615444444,9.615444444,17.8372093
2020-04-15,#N/A,#N/A,#N/A,#N/A,#N/A,#N/A
2020-04-16,#N/A,#N/A,#N/A,#N/A,#N/A,42.43030303
2020-04-17,23.37,3.9,1.673333333,6.541222222,6.541222222,#N/A
2020-04-18,26.67962963,4.625925926,1.83962963,7.838444444,7.838444444,#N/A
2020-04-19,22.49192982,4.459649123,1.793684211,6.934947368,6.934947368,#N/A
2020-04-20,29.21142857,4.942857143,2.040952381,9.01552381,9.01552381,41.475
2020-04-21,26.47777778,5.017777778,2.057333333,8.049688889,8.049688889,79.96666667
2020-04-22,#N/A,#N/A,#N/A,#N/A,#N/A,65.21212121
2020-04-23,#N/A,#N/A,#N/A,#N/A,#N/A,43.21904762
2020-04-24,#N/A,#N/A,#N/A,#N/A,#N/A,40.125
2020-04-25,#N/A,#N/A,#N/A,#N/A,#N/A,#N/A
2020-04-26,#N/A,#N/A,#N/A,#N/A,#N/A,#N/A
2020-04-27,#N/A,#N/A,#N/A,#N/A,#N/A,80.10833333
2020-04-28,23.96666667,4.666666667,2.206666667,7.509333333,7.509333333,84.0375
2020-04-29,#N/A,#N/A,#N/A,#N/A,#N/A,145.7765363
2020-04-30,#N/A,#N/A,#N/A,#N/A,#N/A,#N/A
2020-05-01,#N/A,#N/A,#N/A,#N/A,#N/A,83.2
2020-05-02,34.28761905,5.29047619,3.021904762,10.87314286,10.87314286,98.45
2020-05-03,31.24833333,5.216666667,2.496666667,9.593333333,9.593333333,#N/A
2020-05-04,28.26148148,4.97037037,1.924074074,8.11862963,8.11862963,87.07619048
2020-05-05,32.41433333,5.506666667,2.331666667,9.921433333,9.921433333,#N/A
2020-05-06,36.09030303,5.951515152,2.560606061,10.9589697,10.9589697,106.1176471
2020-05-07,#N/A,#N/A,#N/A,#N/A,#N/A,122.9939394
2020-05-08,#N/A,#N/A,#N/A,#N/A,#N/A,147.9428571
2020-05-09,37.77714286,6.152380952,2.677142857,11.73495238,11.73495238,#N/A
2020-05-10,#N/A,#N/A,#N/A,#N/A,#N/A,#N/A
2020-05-11,#N/A,#N/A,#N/A,#N/A,#N/A,173.5533333
2020-05-12,#N/A,#N/A,#N/A,#N/A,#N/A,166.447619
2020-05-13,40.49142857,5.59047619,3.786666667,12.50990476,12.50990476,145.1833333
2020-05-14,#N/A,#N/A,#N/A,#N/A,#N/A,169.9944444
2020-05-15,#N/A,#N/A,#N/A,#N/A,#N/A,154.9333333
2020-05-16,39.06634921,5.977777778,2.930793651,12.5704127,12.5704127,#N/A
2020-05-17,30.83090909,5.23030303,2.192727273,9.970242424,9.970242424,#N/A
2020-05-18,37.97166667,5.844444444,2.872222222,11.709,11.709,#N/A
2020-05-19,33.43714286,5.266666667,2.045714286,9.990761905,9.990761905,#N/A
2020-05-20,48.30888889,6.877777778,3.905555556,14.18255556,14.18255556,260.9328063
2020-05-21,#N/A,#N/A,#N/A,#N/A,#N/A,239.463964
2020-05-22,#N/A,#N/A,#N/A,#N/A,#N/A,216.5809524
2020-05-23,50.32809524,7.119047619,4.466190476,14.51047619,14.51047619,236.9333333
2020-05-24,#N/A,#N/A,#N/A,#N/A,#N/A,226.4666667
2020-05-25,#N/A,#N/A,#N/A,#N/A,#N/A,266.5121212
2020-05-26,#N/A,#N/A,#N/A,#N/A,#N/A,286.9333333
2020-05-27,#N/A,#N/A,#N/A,#N/A,#N/A,#N/A
2020-05-28,#N/A,#N/A,#N/A,#N/A,#N/A,#N/A
2020-05-29,#N/A,#N/A,#N/A,#N/A,#N/A,#N/A
2020-05-30,53.93454545,6.848484848,6.804848485,17.1606,17.1606,#N/A
2020-05-31,51.99185185,6.392592593,5.505925926,15.29562963,15.29562963,#N/A
2020-06-01,55.01757576,7.612121212,4.995757576,16.67848485,16.67848485,338.8554913
2020-06-02,50.295,6.822222222,4.961666667,14.53766667,14.53766667,291.1732991
2020-06-03,47.33555556,6.6,4.585185185,14.71459259,14.71459259,294.2666667
2020-06-04,#N/A,#N/A,#N/A,#N/A,#N/A,#N/A
2020-06-05,#N/A,#N/A,#N/A,#N/A,#N/A,#N/A
2020-06-06,64.61570681,8.204188482,8.148167539,18.86764398,18.86764398,#N/A
2020-06-07,69.76952381,7.99047619,8.593333333,17.65666667,17.65666667,#N/A
2020-06-08,51.93,7.077777778,5.421111111,15.38444444,15.38444444,327.5169492
2020-06-09,#N/A,#N/A,#N/A,#N/A,#N/A,356.9382353
2020-06-10,#N/A,#N/A,#N/A,#N/A,#N/A,292.454023
2020-06-11,0,0,0,0,0,0
2020-06-12,0,0,0,0,0,0
2020-06-13,0,0,0,0,0,0
2020-06-14,0,0,0,0,0,0
2020-06-15,0,0,0,0,0,0
2020-06-16,0,0,0,0,0,0
2020-06-17,0,0,0,0,0,0
2020-06-18,0,0,0,0,0,0
2020-06-19,0,0,0,0,0,0
2020-06-20,0,0,0,0,0,0
2020-06-21,0,0,0,0,0,0
2020-06-22,0,0,0,0,0,0
2020-06-23,0,0,0,0,0,0
2020-06-24,0,0,0,0,0,0
2020-06-25,0,0,0,0,0,0
2020-06-26,0,0,0,0,0,0
2020-06-27,0,0,0,0,0,0
2020-06-28,0,0,0,0,0,0
2020-06-29,0,0,0,0,0,0
2020-06-30,0,0,0,0,0,0
2020-07-01,0,0,0,0,0,0
2020-07-02,0,0,0,0,0,0
2020-07-03,0,0,0,0,0,0
2020-07-04,0,0,0,0,0,0
2020-07-05,0,0,0,0,0,0
2020-07-06,0,0,0,0,0,0
2020-07-07,0,0,0,0,0,0
2020-07-08,0,0,0,0,0,0
2020-07-09,0,0,0,0,0,0
2020-07-10,0,0,0,0,0,0
2020-07-11,0,0,0,0,0,0
2020-07-12,0,0,0,0,0,0
2020-07-13,0,0,0,0,0,0
2020-07-14,0,0,0,0,0,0
2020-07-15,0,0,0,0,0,0
2020-07-16,0,0,0,0,0,0
2020-07-17,0,0,0,0,0,0
2020-07-18,0,0,0,0,0,0
2020-07-19,0,0,0,0,0,0
2020-07-20,0,0,0,0,0,0
2020-07-21,0,0,0,0,0,0
2020-07-22,0,0,0,0,0,0
2020-07-23,0,0,0,0,0,0
2020-07-24,0,0,0,0,0,0
2020-07-25,0,0,0,0,0,0
2020-07-26,0,0,0,0,0,0
2020-07-27,0,0,0,0,0,0
2020-07-28,0,0,0,0,0,0
2020-07-29,0,0,0,0,0,0
2020-07-30,0,0,0,0,0,0
2020-07-31,0,0,0,0,0,0
2020-08-01,0,0,0,0,0,0
2020-08-02,0,0,0,0,0,0
2020-08-03,0,0,0,0,0,0
2020-08-04,0,0,0,0,0,0
2020-08-05,0,0,0,0,0,0
2020-08-06,0,0,0,0,0,0
2020-08-07,0,0,0,0,0,0
2020-08-08,0,0,0,0,0,0
2020-08-09,0,0,0,0,0,0
2020-08-10,0,0,0,0,0,0
2020-08-11,0,0,0,0,0,0
2020-08-12,0,0,0,0,0,0
2020-08-13,0,0,0,0,0,0
2020-08-14,0,0,0,0,0,0
2020-08-15,0,0,0,0,0,0
2020-08-16,0,0,0,0,0,0
2020-08-17,0,0,0,0,0,0
2020-08-18,0,0,0,0,0,0
2020-08-19,0,0,0,0,0,0
2020-08-20,0,0,0,0,0,0
2020-08-21,0,0,0,0,0,0
2020-08-22,0,0,0,0,0,0
2020-08-23,0,0,0,0,0,0
2020-08-24,0,0,0,0,0,0
2020-08-25,0,0,0,0,0,0
2020-08-26,0,0,0,0,0,0
2020-08-27,0,0,0,0,0,0
2020-08-28,0,0,0,0,0,0
2020-08-29,0,0,0,0,0,0
2020-08-30,0,0,0,0,0,0
2020-08-31,0,0,0,0,0,0
2020-09-01,0,0,0,0,0,0
2020-09-02,0,0,0,0,0,0
2020-09-03,0,0,0,0,0,0
2020-09-04,0,0,0,0,0,0
2020-09-05,0,0,0,0,0,0
2020-09-06,0,0,0,0,0,0
2020-09-07,0,0,0,0,0,0
2020-09-08,0,0,0,0,0,0
2020-09-09,0,0,0,0,0,0
2020-09-10,0,0,0,0,0,0
2020-09-11,0,0,0,0,0,0
2020-09-12,0,0,0,0,0,0
2020-09-13,0,0,0,0,0,0
2020-09-14,0,0,0,0,0,0
2020-09-15,0,0,0,0,0,0
2020-09-16,0,0,0,0,0,0
2020-09-17,0,0,0,0,0,0
2020-09-18,0,0,0,0,0,0
2020-09-19,0,0,0,0,0,0
2020-09-20,0,0,0,0,0,0
2020-09-21,0,0,0,0,0,0
2020-09-22,0,0,0,0,0,0
2020-09-23,0,0,0,0,0,0
2020-09-24,0,0,0,0,0,0
2020-09-25,0,0,0,0,0,0
2020-09-26,0,0,0,0,0,0
2020-09-27,0,0,0,0,0,0
2020-09-28,0,0,0,0,0,0
2020-09-29,0,0,0,0,0,0
2020-09-30,0,0,0,0,0,0
2020-10-01,0,0,0,0,0,0
2020-10-02,0,0,0,0,0,0
2020-10-03,0,0,0,0,0,0
2020-10-04,0,0,0,0,0,0
2020-10-05,0,0,0,0,0,0
2020-10-06,0,0,0,0,0,0
2020-10-07,0,0,0,0,0,0
2020-10-08,0,0,0,0,0,0
2020-10-09,0,0,0,0,0,0
2020-10-10,0,0,0,0,0,0
2020-10-11,0,0,0,0,0,0
2020-10-12,0,0,0,0,0,0
2020-10-13,0,0,0,0,0,0
2020-10-14,0,0,0,0,0,0
2020-10-15,0,0,0,0,0,0
2020-10-16,0,0,0,0,0,0
2020-10-17,0,0,0,0,0,0
2020-10-18,0,0,0,0,0,0
2020-10-19,0,0,0,0,0,0
2020-10-20,0,0,0,0,0,0
2020-10-21,0,0,0,0,0,0
2020-10-22,0,0,0,0,0,0
2020-10-23,0,0,0,0,0,0
2020-10-24,0,0,0,0,0,0
2020-10-25,0,0,0,0,0,0
2020-10-26,0,0,0,0,0,0
2020-10-27,0,0,0,0,0,0
2020-10-28,0,0,0,0,0,0
2020-10-29,0,0,0,0,0,0
2020-10-30,0,0,0,0,0,0
2020-10-31,0,0,0,0,0,0
2020-11-01,0,0,0,0,0,0
2020-11-02,0,0,0,0,0,0
2020-11-03,0,0,0,0,0,0
2020-11-04,0,0,0,0,0,0
2020-11-05,0,0,0,0,0,0
2020-11-06,0,0,0,0,0,0
2020-11-07,0,0,0,0,0,0
2020-11-08,0,0,0,0,0,0
2020-11-09,0,0,0,0,0,0
2020-11-10,0,0,0,0,0,0
2020-11-11,0,0,0,0,0,0
2020-11-12,0,0,0,0,0,0
2020-11-13,0,0,0,0,0,0
2020-11-14,0,0,0,0,0,0
2020-11-15,0,0,0,0,0,0
2020-11-16,0,0,0,0,0,0
2020-11-17,0,0,0,0,0,0
2020-11-18,0,0,0,0,0,0
2020-11-19,0,0,0,0,0,0
2020-11-20,0,0,0,0,0,0
2020-11-21,0,0,0,0,0,0
2020-11-22,0,0,0,0,0,0
2020-11-23,0,0,0,0,0,0
2020-11-24,0,0,0,0,0,0
2020-11-25,0,0,0,0,0,0
2020-11-26,0,0,0,0,0,0
2020-11-27,0,0,0,0,0,0
2020-11-28,0,0,0,0,0,0
2020-11-29,0,0,0,0,0,0
2020-11-30,0,0,0,0,0,0
2020-12-01,0,0,0,0,0,0
2020-12-02,0,0,0,0,0,0
2020-12-03,0,0,0,0,0,0
2020-12-04,0,0,0,0,0,0
2020-12-05,0,0,0,0,0,0
2020-12-06,0,0,0,0,0,0
2020-12-07,0,0,0,0,0,0
2020-12-08,0,0,0,0,0,0
2020-12-09,0,0,0,0,0,0
2020-12-10,0,0,0,0,0,0
2020-12-11,0,0,0,0,0,0
2020-12-12,0,0,0,0,0,0
2020-12-13,0,0,0,0,0,0
2020-12-14,0,0,0,0,0,0
2020-12-15,0,0,0,0,0,0
2020-12-16,0,0,0,0,0,0
2020-12-17,0,0,0,0,0,0
2020-12-18,0,0,0,0,0,0
2020-12-19,0,0,0,0,0,0
2020-12-20,0,0,0,0,0,0
2020-12-21,0,0,0,0,0,0
2020-12-22,0,0,0,0,0,0
2020-12-23,0,0,0,0,0,0
2020-12-24,0,0,0,0,0,0
2020-12-25,0,0,0,0,0,0
2020-12-26,0,0,0,0,0,0
2020-12-27,0,0,0,0,0,0
2020-12-28,0,0,0,0,0,0
2020-12-29,0,0,0,0,0,0
2020-12-30,0,0,0,0,0,0
2020-12-31,0,0,0,0,0,0
2021-01-01,0,0,0,0,0,0
2021-01-02,0,0,0,0,0,0
2021-01-03,0,0,0,0,0,0
2021-01-04,0,0,0,0,0,0
2021-01-05,0,0,0,0,0,0
2021-01-06,0,0,0,0,0,0
2021-01-07,0,0,0,0,0,0
2021-01-08,0,0,0,0,0,0
2021-01-09,0,0,0,0,0,0
2021-01-10,0,0,0,0,0,0
2021-01-11,0,0,0,0,0,0
2021-01-12,0,0,0,0,0,0
2021-01-13,0,0,0,0,0,0
2021-01-14,0,0,0,0,0,0
2021-01-15,0,0,0,0,0,0
2021-01-16,0,0,0,0,0,0
2021-01-17,0,0,0,0,0,0
2021-01-18,0,0,0,0,0,0
2021-01-19,0,0,0,0,0,0
2021-01-20,0,0,0,0,0,0
2021-01-21,0,0,0,0,0,0
2021-01-22,0,0,0,0,0,0
2021-01-23,0,0,0,0,0,0
2021-01-24,0,0,0,0,0,0
2021-01-25,0,0,0,0,0,0
2021-01-26,0,0,0,0,0,0
2021-01-27,0,0,0,0,0,0
2021-01-28,0,0,0,0,0,0
2021-01-29,0,0,0,0,0,0
2021-01-30,0,0,0,0,0,0
2021-01-31,0,0,0,0,0,0
2021-02-01,0,0,0,0,0,0
2021-02-02,0,0,0,0,0,0
2021-02-03,0,0,0,0,0,0
2021-02-04,0,0,0,0,0,0
2021-02-05,0,0,0,0,0,0
2021-02-06,0,0,0,0,0,0
2021-02-07,0,0,0,0,0,0
2021-02-08,0,0,0,0,0,0
2021-02-09,0,0,0,0,0,0
2021-02-10,0,0,0,0,0,0
2021-02-11,0,0,0,0,0,0
2021-02-12,0,0,0,0,0,0
2021-02-13,0,0,0,0,0,0
2021-02-14,0,0,0,0,0,0
2021-02-15,0,0,0,0,0,0
2021-02-16,0,0,0,0,0,0
2021-02-17,0,0,0,0,0,0
2021-02-18,0,0,0,0,0,0
2021-02-19,0,0,0,0,0,0
2021-02-20,0,0,0,0,0,0
2021-02-21,0,0,0,0,0,0
2021-02-22,0,0,0,0,0,0
2021-02-23,0,0,0,0,0,0
2021-02-24,0,0,0,0,0,0
2021-02-25,0,0,0,0,0,0
2021-02-26,0,0,0,0,0,0
2021-02-27,0,0,0,0,0,0
2021-02-28,0,0,0,0,0,0
2021-03-01,0,0,0,0,0,0
2021-03-02,0,0,0,0,0,0
2021-03-03,0,0,0,0,0,0
2021-03-04,0,0,0,0,0,0
2021-03-05,0,0,0,0,0,0
2021-03-06,0,0,0,0,0,0
2021-03-07,0,0,0,0,0,0
2021-03-08,0,0,0,0,0,0
2021-03-09,0,0,0,0,0,0
2021-03-10,0,0,0,0,0,0
2021-03-11,0,0,0,0,0,0
2021-03-12,0,0,0,0,0,0
2021-03-13,0,0,0,0,0,0
2021-03-14,0,0,0,0,0,0
2021-03-15,0,0,0,0,0,0
2021-03-16,0,0,0,0,0,0
2021-03-17,0,0,0,0,0,0
2021-03-18,0,0,0,0,0,0
2021-03-19,0,0,0,0,0,0
2021-03-20,0,0,0,0,0,0
2021-03-21,0,0,0,0,0,0
2021-03-22,0,0,0,0,0,0
2021-03-23,0,0,0,0,0,0
2021-03-24,0,0,0,0,0,0
2021-03-25,0,0,0,0,0,0
2021-03-26,0,0,0,0,0,0
2021-03-27,0,0,0,0,0,0
2021-03-28,0,0,0,0,0,0
2021-03-29,0,0,0,0,0,0
2021-03-30,0,0,0,0,0,0
2021-03-31,0,0,0,0,0,0
2021-04-01,0,0,0,0,0,0
2021-04-02,0,0,0,0,0,0
2021-04-03,0,0,0,0,0,0
2021-04-04,0,0,0,0,0,0
2021-04-05,0,0,0,0,0,0
2021-04-06,0,0,0,0,0,0
2021-04-07,0,0,0,0,0,0
2021-04-08,0,0,0,0,0,0
2021-04-09,#N/A,#N/A,#N/A,#N/A,#N/A,88.15555556
2021-04-10,#N/A,#N/A,#N/A,#N/A,#N/A,#N/A
2021-04-11,#N/A,#N/A,#N/A,#N/A,#N/A,#N/A
2021-04-12,#N/A,#N/A,#N/A,#N/A,#N/A,#N/A
2021-04-13,#N/A,#N/A,#N/A,#N/A,#N/A,80.70670391
2021-04-14,#N/A,#N/A,#N/A,#N/A,#N/A,85.73939394
2021-04-15,22.99904762,4.380952381,2.06047619,7.313095238,7.313095238,88.75925926
2021-04-16,16.44356842,4.10877193,1.506315789,5.924140351,5.924140351,93.45714286
2021-04-17,15.40375,3.783333333,1.423083333,4.866041667,4.866041667,#N/A
2021-04-18,18.01377778,4.084444444,1.534222222,5.277822222,5.277822222,#N/A
2021-04-19,17.73721212,3.721212121,1.587272727,5.162060606,5.162060606,#N/A
2021-04-20,#N/A,#N/A,#N/A,#N/A,#N/A,119.4541667
2021-04-21,#N/A,#N/A,#N/A,#N/A,#N/A,97.35555556
2021-04-22,#N/A,#N/A,#N/A,#N/A,#N/A,122.3137255
2021-04-23,#N/A,#N/A,#N/A,#N/A,#N/A,102.1719457
2021-04-24,#N/A,#N/A,#N/A,#N/A,#N/A,#N/A
2021-04-25,#N/A,#N/A,#N/A,#N/A,#N/A,#N/A
2021-04-26,#N/A,#N/A,#N/A,#N/A,#N/A,101.0074074
2021-04-27,#N/A,#N/A,#N/A,#N/A,#N/A,111.7393939
2021-04-28,#N/A,#N/A,#N/A,#N/A,#N/A,#N/A
2021-04-29,#N/A,#N/A,#N/A,#N/A,#N/A,136.2711111
2021-04-30,#N/A,#N/A,#N/A,#N/A,#N/A,137.575
2021-05-01,#N/A,#N/A,#N/A,#N/A,#N/A,#N/A
2021-05-02,27.42535885,4.555023923,2.528229665,8.243062201,8.243062201,#N/A
2021-05-03,23.85684211,4.656140351,1.867017544,7.143298246,7.143298246,115.8806452
2021-05-04,22.88368984,4.355614973,1.681550802,6.483582888,6.483582888,134.7571429
2021-05-05,20.98657718,4.100671141,1.812751678,5.691624161,5.691624161,#N/A
2021-05-06,#N/A,#N/A,#N/A,#N/A,#N/A,130.1277778
2021-05-07,#N/A,#N/A,#N/A,#N/A,#N/A,117.3416667
2021-05-08,26.13272727,4.424242424,2.106666667,6.664484848,6.664484848,#N/A
2021-05-09,#N/A,#N/A,#N/A,#N/A,#N/A,#N/A
2021-05-10,#N/A,#N/A,#N/A,#N/A,#N/A,131.5333333
2021-05-11,#N/A,#N/A,#N/A,#N/A,#N/A,120.96
2021-05-12,#N/A,#N/A,#N/A,#N/A,#N/A,115.4153846
2021-05-13,#N/A,#N/A,#N/A,#N/A,#N/A,126.3058824
2021-05-14,#N/A,#N/A,#N/A,#N/A,#N/A,110.7
2021-05-15,35.22020725,5.440414508,3.393229167,10.37279793,10.37279793,#N/A
2021-05-16,32.97951482,5.48787062,2.155795148,9.733261456,9.733261456,#N/A
2021-05-17,32.45803571,5.34375,2.062946429,8.429107143,8.429107143,#N/A
2021-05-18,38.37391304,5.964426877,2.663241107,9.727035573,9.727035573,#N/A
2021-05-19,33.73059701,5.134328358,2.375373134,8.862313433,8.862313433,#N/A
2021-05-20,#N/A,#N/A,#N/A,#N/A,#N/A,#N/A
2021-05-21,#N/A,#N/A,#N/A,#N/A,#N/A,109.7616708
2021-05-22,#N/A,#N/A,#N/A,#N/A,#N/A,#N/A
2021-05-23,#N/A,#N/A,#N/A,#N/A,#N/A,#N/A
2021-05-24,#N/A,#N/A,#N/A,#N/A,#N/A,88.24444444
2021-05-25,#N/A,#N/A,#N/A,#N/A,#N/A,87.42666667
2021-05-26,#N/A,#N/A,#N/A,#N/A,#N/A,84.91237113
2021-05-27,#N/A,#N/A,#N/A,#N/A,#N/A,#N/A
2021-05-28,#N/A,#N/A,#N/A,#N/A,#N/A,#N/A
2021-05-29,#N/A,#N/A,#N/A,#N/A,#N/A,#N/A
2021-05-30,#N/A,#N/A,#N/A,#N/A,#N/A,#N/A
2021-05-31,51.42722772,6.534653465,6.709405941,14.14336634,14.14336634,79.51341772
2021-06-01,#N/A,#N/A,#N/A,#N/A,#N/A,66.56756757
2021-06-02,57.9929078,7.014184397,6.195744681,15.45624113,15.45624113,48.57480315
2021-06-03,#N/A,#N/A,#N/A,#N/A,#N/A,44.4
2021-06-04,#N/A,#N/A,#N/A,#N/A,#N/A,62.30625
2021-06-05,59.54959128,7.444141689,5.90027248,14.37550409,14.37550409,#N/A
2021-06-06,60.67295775,7.35,6.677464789,13.95602113,13.95602113,#N/A
2021-06-07,59.29751553,6.931677019,6.582608696,13.26540373,13.26540373,#N/A
2021-06-08,0,0,0,0,0,0
2021-06-09,0,0,0,0,0,0
2021-06-10,0,0,0,0,0,0
2021-06-11,0,0,0,0,0,0
2021-06-12,0,0,0,0,0,0
2021-06-13,0,0,0,0,0,0
2021-06-14,0,0,0,0,0,0
2021-06-15,0,0,0,0,0,0
2021-06-16,0,0,0,0,0,0
2021-06-17,0,0,0,0,0,0
2021-06-18,0,0,0,0,0,0
2021-06-19,0,0,0,0,0,0
2021-06-20,0,0,0,0,0,0
2021-06-21,0,0,0,0,0,0
2021-06-22,0,0,0,0,0,0
2021-06-23,0,0,0,0,0,0
2021-06-24,0,0,0,0,0,0
2021-06-25,0,0,0,0,0,0
2021-06-26,0,0,0,0,0,0
2021-06-27,0,0,0,0,0,0
2021-06-28,0,0,0,0,0,0
2021-06-29,0,0,0,0,0,0
2021-06-30,0,0,0,0,0,0
2021-07-01,0,0,0,0,0,0
2021-07-02,0,0,0,0,0,0
2021-07-03,0,0,0,0,0,0
2021-07-04,0,0,0,0,0,0
2021-07-05,0,0,0,0,0,0
2021-07-06,0,0,0,0,0,0
2021-07-07,0,0,0,0,0,0
2021-07-08,0,0,0,0,0,0
2021-07-09,0,0,0,0,0,0
2021-07-10,0,0,0,0,0,0
2021-07-11,0,0,0,0,0,0
2021-07-12,0,0,0,0,0,0
2021-07-13,0,0,0,0,0,0
2021-07-14,0,0,0,0,0,0
2021-07-15,0,0,0,0,0,0
2021-07-16,0,0,0,0,0,0
2021-07-17,0,0,0,0,0,0
2021-07-18,0,0,0,0,0,0
2021-07-19,0,0,0,0,0,0
2021-07-20,0,0,0,0,0,0
2021-07-21,0,0,0,0,0,0
2021-07-22,0,0,0,0,0,0
2021-07-23,0,0,0,0,0,0
2021-07-24,0,0,0,0,0,0
2021-07-25,0,0,0,0,0,0
2021-07-26,0,0,0,0,0,0
2021-07-27,0,0,0,0,0,0
2021-07-28,0,0,0,0,0,0
2021-07-29,0,0,0,0,0,0
2021-07-30,0,0,0,0,0,0
2021-07-31,0,0,0,0,0,0
2021-08-01,0,0,0,0,0,0
2021-08-02,0,0,0,0,0,0
2021-08-03,0,0,0,0,0,0
2021-08-04,0,0,0,0,0,0
2021-08-05,0,0,0,0,0,0
2021-08-06,0,0,0,0,0,0
2021-08-07,0,0,0,0,0,0
2021-08-08,0,0,0,0,0,0
2021-08-09,0,0,0,0,0,0
2021-08-10,0,0,0,0,0,0
2021-08-11,0,0,0,0,0,0
2021-08-12,0,0,0,0,0,0
2021-08-13,0,0,0,0,0,0
2021-08-14,0,0,0,0,0,0
2021-08-15,0,0,0,0,0,0
2021-08-16,0,0,0,0,0,0
2021-08-17,0,0,0,0,0,0
2021-08-18,0,0,0,0,0,0
2021-08-19,0,0,0,0,0,0
2021-08-20,0,0,0,0,0,0
2021-08-21,0,0,0,0,0,0
2021-08-22,0,0,0,0,0,0
2021-08-23,0,0,0,0,0,0
2021-08-24,0,0,0,0,0,0
2021-08-25,0,0,0,0,0,0
2021-08-26,0,0,0,0,0,0
2021-08-27,0,0,0,0,0,0
2021-08-28,0,0,0,0,0,0
2021-08-29,0,0,0,0,0,0
2021-08-30,0,0,0,0,0,0
2021-08-31,0,0,0,0,0,0
2021-09-01,0,0,0,0,0,0
2021-09-02,0,0,0,0,0,0
2021-09-03,0,0,0,0,0,0
2021-09-04,0,0,0,0,0,0
2021-09-05,0,0,0,0,0,0
2021-09-06,0,0,0,0,0,0
2021-09-07,0,0,0,0,0,0
2021-09-08,0,0,0,0,0,0
2021-09-09,0,0,0,0,0,0
2021-09-10,0,0,0,0,0,0
2021-09-11,0,0,0,0,0,0
2021-09-12,0,0,0,0,0,0
2021-09-13,0,0,0,0,0,0
2021-09-14,0,0,0,0,0,0
2021-09-15,0,0,0,0,0,0
2021-09-16,0,0,0,0,0,0
2021-09-17,0,0,0,0,0,0
2021-09-18,0,0,0,0,0,0
2021-09-19,0,0,0,0,0,0
2021-09-20,0,0,0,0,0,0
2021-09-21,0,0,0,0,0,0
2021-09-22,0,0,0,0,0,0
2021-09-23,0,0,0,0,0,0
2021-09-24,0,0,0,0,0,0
2021-09-25,0,0,0,0,0,0
2021-09-26,0,0,0,0,0,0
2021-09-27,0,0,0,0,0,0
2021-09-28,0,0,0,0,0,0
2021-09-29,0,0,0,0,0,0
2021-09-30,0,0,0,0,0,0
2021-10-01,0,0,0,0,0,0
2021-10-02,0,0,0,0,0,0
2021-10-03,0,0,0,0,0,0
2021-10-04,0,0,0,0,0,0
2021-10-05,0,0,0,0,0,0
2021-10-06,0,0,0,0,0,0
2021-10-07,0,0,0,0,0,0
2021-10-08,0,0,0,0,0,0
2021-10-09,0,0,0,0,0,0
2021-10-10,0,0,0,0,0,0
2021-10-11,0,0,0,0,0,0
2021-10-12,0,0,0,0,0,0
2021-10-13,0,0,0,0,0,0
2021-10-14,0,0,0,0,0,0
2021-10-15,0,0,0,0,0,0
2021-10-16,0,0,0,0,0,0
2021-10-17,0,0,0,0,0,0
2021-10-18,0,0,0,0,0,0
2021-10-19,0,0,0,0,0,0
2021-10-20,0,0,0,0,0,0
2021-10-21,0,0,0,0,0,0
2021-10-22,0,0,0,0,0,0
2021-10-23,0,0,0,0,0,0
2021-10-24,0,0,0,0,0,0
2021-10-25,0,0,0,0,0,0
2021-10-26,0,0,0,0,0,0
2021-10-27,0,0,0,0,0,0
2021-10-28,0,0,0,0,0,0
2021-10-29,0,0,0,0,0,0
2021-10-30,0,0,0,0,0,0
2021-10-31,0,0,0,0,0,0
2021-11-01,0,0,0,0,0,0
2021-11-02,0,0,0,0,0,0
2021-11-03,0,0,0,0,0,0
2021-11-04,0,0,0,0,0,0
2021-11-05,0,0,0,0,0,0
2021-11-06,0,0,0,0,0,0
2021-11-07,0,0,0,0,0,0
2021-11-08,0,0,0,0,0,0
2021-11-09,0,0,0,0,0,0
2021-11-10,0,0,0,0,0,0
2021-11-11,0,0,0,0,0,0
2021-11-12,0,0,0,0,0,0
2021-11-13,0,0,0,0,0,0
2021-11-14,0,0,0,0,0,0
2021-11-15,0,0,0,0,0,0
2021-11-16,0,0,0,0,0,0
2021-11-17,0,0,0,0,0,0
2021-11-18,0,0,0,0,0,0
2021-11-19,0,0,0,0,0,0
2021-11-20,0,0,0,0,0,0
2021-11-21,0,0,0,0,0,0
2021-11-22,0,0,0,0,0,0
2021-11-23,0,0,0,0,0,0
2021-11-24,0,0,0,0,0,0
2021-11-25,0,0,0,0,0,0
2021-11-26,0,0,0,0,0,0
2021-11-27,0,0,0,0,0,0
2021-11-28,0,0,0,0,0,0
2021-11-29,0,0,0,0,0,0
2021-11-30,0,0,0,0,0,0
2021-12-01,0,0,0,0,0,0
2021-12-02,0,0,0,0,0,0
2021-12-03,0,0,0,0,0,0
2021-12-04,0,0,0,0,0,0
2021-12-05,0,0,0,0,0,0
2021-12-06,0,0,0,0,0,0
2021-12-07,0,0,0,0,0,0
2021-12-08,0,0,0,0,0,0
2021-12-09,0,0,0,0,0,0
2021-12-10,0,0,0,0,0,0
2021-12-11,0,0,0,0,0,0
2021-12-12,0,0,0,0,0,0
2021-12-13,0,0,0,0,0,0
2021-12-14,0,0,0,0,0,0
2021-12-15,0,0,0,0,0,0
2021-12-16,0,0,0,0,0,0
2021-12-17,0,0,0,0,0,0
2021-12-18,0,0,0,0,0,0
2021-12-19,0,0,0,0,0,0
2021-12-20,0,0,0,0,0,0
2021-12-21,0,0,0,0,0,0
2021-12-22,0,0,0,0,0,0
2021-12-23,0,0,0,0,0,0
2021-12-24,0,0,0,0,0,0
2021-12-25,0,0,0,0,0,0
2021-12-26,0,0,0,0,0,0
2021-12-27,0,0,0,0,0,0
2021-12-28,0,0,0,0,0,0
2021-12-29,0,0,0,0,0,0
2021-12-30,0,0,0,0,0,0
2021-12-31,0,0,0,0,0,0
2022-01-01,0,0,0,0,0,0
2022-01-02,0,0,0,0,0,0
2022-01-03,0,0,0,0,0,0
2022-01-04,0,0,0,0,0,0
2022-01-05,0,0,0,0,0,0
2022-01-06,0,0,0,0,0,0
2022-01-07,0,0,0,0,0,0
2022-01-08,0,0,0,0,0,0
2022-01-09,0,0,0,0,0,0
2022-01-10,0,0,0,0,0,0
2022-01-11,0,0,0,0,0,0
2022-01-12,0,0,0,0,0,0
2022-01-13,0,0,0,0,0,0
2022-01-14,0,0,0,0,0,0
2022-01-15,0,0,0,0,0,0
2022-01-16,0,0,0,0,0,0
2022-01-17,0,0,0,0,0,0
2022-01-18,0,0,0,0,0,0
2022-01-19,0,0,0,0,0,0
2022-01-20,0,0,0,0,0,0
2022-01-21,0,0,0,0,0,0
2022-01-22,0,0,0,0,0,0
2022-01-23,0,0,0,0,0,0
2022-01-24,0,0,0,0,0,0
2022-01-25,0,0,0,0,0,0
2022-01-26,0,0,0,0,0,0
2022-01-27,0,0,0,0,0,0
2022-01-28,0,0,0,0,0,0
2022-01-29,0,0,0,0,0,0
2022-01-30,0,0,0,0,0,0
2022-01-31,0,0,0,0,0,0
2022-02-01,0,0,0,0,0,0
2022-02-02,0,0,0,0,0,0
2022-02-03,0,0,0,0,0,0
2022-02-04,0,0,0,0,0,0
2022-02-05,0,0,0,0,0,0
2022-02-06,0,0,0,0,0,0
2022-02-07,0,0,0,0,0,0
2022-02-08,0,0,0,0,0,0
2022-02-09,0,0,0,0,0,0
2022-02-10,0,0,0,0,0,0
2022-02-11,0,0,0,0,0,0
2022-02-12,0,0,0,0,0,0
2022-02-13,0,0,0,0,0,0
2022-02-14,0,0,0,0,0,0
2022-02-15,0,0,0,0,0,0
2022-02-16,0,0,0,0,0,0
2022-02-17,0,0,0,0,0,0
2022-02-18,0,0,0,0,0,0
2022-02-19,0,0,0,0,0,0
2022-02-20,0,0,0,0,0,0
2022-02-21,0,0,0,0,0,0
2022-02-22,0,0,0,0,0,0
2022-02-23,0,0,0,0,0,0
2022-02-24,0,0,0,0,0,0
2022-02-25,0,0,0,0,0,0
2022-02-26,0,0,0,0,0,0
2022-02-27,0,0,0,0,0,0
2022-02-28,0,0,0,0,0,0
2022-03-01,0,0,0,0,0,0
2022-03-02,0,0,0,0,0,0
2022-03-03,0,0,0,0,0,0
2022-03-04,0,0,0,0,0,0
2022-03-05,0,0,0,0,0,0
2022-03-06,0,0,0,0,0,0
2022-03-07,0,0,0,0,0,0
2022-03-08,0,0,0,0,0,0
2022-03-09,0,0,0,0,0,0
2022-03-10,0,0,0,0,0,0
2022-03-11,0,0,0,0,0,0
2022-03-12,0,0,0,0,0,0
2022-03-13,0,0,0,0,0,0
2022-03-14,0,0,0,0,0,0
2022-03-15,0,0,0,0,0,0
2022-03-16,0,0,0,0,0,0
2022-03-17,0,0,0,0,0,0
2022-03-18,0,0,0,0,0,0
2022-03-19,0,0,0,0,0,0
2022-03-20,0,0,0,0,0,0
2022-03-21,0,0,0,0,0,0
2022-03-22,0,0,0,0,0,0
2022-03-23,0,0,0,0,0,0
2022-03-24,0,0,0,0,0,0
2022-03-25,0,0,0,0,0,0
2022-03-26,0,0,0,0,0,0
2022-03-27,0,0,0,0,0,0
2022-03-28,0,0,0,0,0,0
2022-03-29,0,0,0,0,0,0
2022-03-30,0,0,0,0,0,0
2022-03-31,0,0,0,0,0,0
2022-04-01,0,0,0,0,0,0
2022-04-02,0,0,0,0,0,0
2022-04-03,0,0,0,0,0,0
2022-04-04,0,0,0,0,0,0
2022-04-05,0,0,0,0,0,0
2022-04-06,0,0,0,0,0,0
2022-04-07,0,0,0,0,0,0
2022-04-08,0,0,0,0,0,0
2022-04-09,0,0,0,0,0,0
2022-04-10,0,0,0,0,0,0
2022-04-11,#N/A,#N/A,#N/A,#N/A,#N/A,43.82105263
2022-04-12,#N/A,#N/A,#N/A,#N/A,#N/A,51.21333333
2022-04-13,#N/A,#N/A,#N/A,#N/A,#N/A,64.85333333
2022-04-14,19.01847134,3.703821656,1.779642857,6.423107143,6.423107143,#N/A
2022-04-15,14.25538462,3.723076923,1.130769231,5.502307692,5.502307692,38.38787879
2022-04-16,9.203333333,2.76,0.986419753,4.031234568,4.031234568,#N/A
2022-04-17,13.35,3.861111111,1.167816092,4.897643678,4.897643678,#N/A
2022-04-18,12.30338983,3.396648045,1.089570552,4.837852761,4.837852761,49.07333333
2022-04-19,#N/A,#N/A,#N/A,#N/A,#N/A,54.34074074
2022-04-20,#N/A,#N/A,#N/A,#N/A,#N/A,#N/A
2022-04-21,15.16333333,3.408333333,1.117391304,5.340695652,5.340695652,62.26666667
2022-04-22,#N/A,#N/A,#N/A,#N/A,#N/A,74.95833333
2022-04-23,#N/A,#N/A,#N/A,#N/A,#N/A,#N/A
2022-04-24,#N/A,#N/A,#N/A,#N/A,#N/A,#N/A
2022-04-25,#N/A,#N/A,#N/A,#N/A,#N/A,65.63333333
2022-04-26,#N/A,#N/A,#N/A,#N/A,#N/A,80.21111111
2022-04-27,#N/A,#N/A,#N/A,#N/A,#N/A,66.20606061
2022-04-28,20.68729097,4.183946488,2.132142857,7.024357143,7.024357143,#N/A
2022-04-29,#N/A,#N/A,#N/A,#N/A,#N/A,#N/A
2022-04-30,#N/A,#N/A,#N/A,#N/A,#N/A,#N/A
2022-05-01,#N/A,#N/A,#N/A,#N/A,#N/A,#N/A
2022-05-02,13.94916667,3.666666667,1.394673913,5.845869565,5.845869565,83.32463768
2022-05-03,15.12848485,3.751515152,1.431446541,5.373987421,5.373987421,115.6296296
2022-05-04,18.63333333,3.933333333,2.363333333,6.557,6.557,85.08
2022-05-05,#N/A,#N/A,#N/A,#N/A,#N/A,#N/A
2022-05-06,#N/A,#N/A,#N/A,#N/A,#N/A,76.79393939
2022-05-07,15.81291866,3.680861244,1.471364764,5.573285372,5.573285372,#N/A
2022-05-08,15.59066667,3.773333333,1.241333333,5.327333333,5.327333333,#N/A
2022-05-09,#N/A,#N/A,#N/A,#N/A,#N/A,93.57407407
2022-05-10,#N/A,#N/A,#N/A,#N/A,#N/A,69.04848485
2022-05-11,#N/A,#N/A,#N/A,#N/A,#N/A,79.29777778
2022-05-12,#N/A,#N/A,#N/A,#N/A,#N/A,98.95192308
2022-05-13,#N/A,#N/A,#N/A,#N/A,#N/A,72.11666667
2022-05-14,24.98173077,4.673076923,2.055144231,7.385721154,7.385721154,#N/A
2022-05-15,30.27085202,4.735426009,2.515246637,8.358757848,8.358757848,#N/A
2022-05-16,21.30067114,4.087248322,2.055797101,6.619057971,6.619057971,78.39393939
2022-05-17,#N/A,#N/A,#N/A,#N/A,#N/A,72.25797101
2022-05-18,23.06604938,4.135802469,1.743382353,5.722866667,5.722866667,87.91111111
2022-05-19,#N/A,#N/A,#N/A,#N/A,#N/A,#N/A
2022-05-20,#N/A,#N/A,#N/A,#N/A,#N/A,#N/A
2022-05-21,26.26383929,4.647321429,2.104054054,7.354486486,7.354486486,#N/A
2022-05-22,26.84123711,4.675257732,1.931382979,6.977180851,6.977180851,#N/A
2022-05-23,#N/A,#N/A,#N/A,#N/A,#N/A,66.01020408
2022-05-24,#N/A,#N/A,#N/A,#N/A,#N/A,63.13712375
2022-05-25,#N/A,#N/A,#N/A,#N/A,#N/A,64.31428571
2022-05-26,#N/A,#N/A,#N/A,#N/A,#N/A,59.7047619
2022-05-27,#N/A,#N/A,#N/A,#N/A,#N/A,93.66666667
2022-05-28,#N/A,#N/A,#N/A,#N/A,#N/A,#N/A
2022-05-29,35.8015748,5.480314961,3.094179894,10.08962963,10.08962963,#N/A
2022-05-30,43.80666667,5.783333333,4.627,11.191175,11.191175,#N/A
2022-05-31,36.55810811,5.445945946,3.131081081,9.317432432,9.317432432,44.29251701
2022-06-01,#N/A,#N/A,#N/A,#N/A,#N/A,#N/A
2022-06-02,#N/A,#N/A,#N/A,#N/A,#N/A,39.18338109
2022-06-03,#N/A,#N/A,#N/A,#N/A,#N/A,52.17117117
2022-06-04,34.3882716,5.012345679,2.789506173,8.540061728,8.540061728,#N/A
2022-06-05,41.15528455,5.818428184,3.498907104,10.30483607,10.30483607,#N/A
2022-06-06,44.75,6.166666667,3.44,9.986666667,9.986666667,#N/A
2022-06-07,#N/A,#N/A,#N/A,#N/A,#N/A,37.53680982
2022-06-08,#N/A,#N/A,#N/A,#N/A,#N/A,34.25888325
